Workbook
Name Slicer_Customer: #N/A
Name Slicer_OrderDate: #N/A
Name Slicer_Region: #N/A
Name Slicer_Status: #N/A

Sheet Pivot
A2: Revenue by Region | D2: Monthly Revenue Analysis | G2: Collection By Region | J2: Outstanding by Customer | M2: Aging Analysis
A3: Region | B3: Sum of Revenue | D3: Row Labels | E3: Sum of OrderValue | G3: Row Labels | H3: Sum of AmountPaid | J3: Row Labels | K3: Sum of Outstanding Amount | M3: Row Labels | N3: Sum of Outstanding Amount
A4: East | B4: 4060000 | D4: Apr | E4: 2505000 | G4: East | H4: 2827250 | J4: Shinde Provision Mart | K4: 357000 | M4: 0-30 Days | N4: 598500
A5: North | B5: 4421000 | D5: Aug | E5: 3383000 | G5: North | H5: 2686250 | J5: Lokare Traders | K5: 330000 | M5: 31-60 Days | N5: 199750
A6: South | B6: 4866000 | D6: Dec | E6: 3233000 | G6: South | H6: 3194750 | J6: Rastogi General Store | K6: 281750 | M6: 90+ Days | N6: 10235000
A7: West | B7: 22018000 | D7: Feb | E7: 3268000 | G7: West | H7: 15623500 | J7: Ghosh Departmental | K7: 253000 | M7: Grand Total | N7: 11033250
A8: Grand Total | B8: 35365000 | D8: Jan | E8: 2221000 | G8: Grand Total | H8: 24331750 | J8: Chavan Supermart | K8: 243000
D9: Jul | E9: 2783000 | J9: Nimkar General Store | K9: 235000
D10: Jun | E10: 2044000 | J10: Hegde Provision Store | K10: 227500
D11: Mar | E11: 2753000 | J11: Londhe Retail | K11: 220000
D12: May | E12: 3545000 | J12: Yashwante General Store | K12: 212500
D13: Nov | E13: 2531000 | J13: Qureshi Traders | K13: 212500
D14: Oct | E14: 3735000 | J14: Verma Provision Mart | K14: 208000
D15: Sep | E15: 3364000 | J15: Magar Kirana Bhandar | K15: 206500
D16: Grand Total | E16: 35365000 | J16: Rao Enterprises | K16: 197000
J17: Nair General Stores | K17: 193000
J18: Zende Traders | K18: 188000
J19: Bose Brothers Retail | K19: 183000
J20: Naik Provision Bhandar | K20: 181250
J21: Wani General Store | K21: 177500
J22: Bansal Provision Store | K22: 173000
J23: Iyer Supermart | K23: 167000
J24: Deshpande Supermart | K24: 162500
J25: Walia Brothers | K25: 151250
J26: Lal Brothers | K26: 150000
J27: Salve Stores | K27: 150000
J28: Desai Provision Store | K28: 150000
... J106: Grand Total | K106: 11033250

Sheet O2C_Data
A1: OrderID | B1: Customer | C1: Region | D1: Month | E1: OrderDate | F1: InvoiceDate | G1: DueDate | H1: PaymentDate | I1: OrderValue | J1: AmountPaid | K1: Status | L1: Days to invoice | M1: CollectionDays | N1: Outstanding Amount | O1: Aging Bucket
A2: O0001 | B2: Yewale Kirana | C2: West | D2: =MID(E2, 4, 3) -> Feb | E2: 27-Feb-25 | F2: 28-Feb-25 | G2: 30-Mar-25 | H2: 09-Mar-25 | I2: 50000 | J2: 50000 | K2: Paid | L2: =F2-E2 -> 1 | M2: =IF(H2="",TODAY()-F2,H2-F2) -> 9 | N2: =I2-J2 -> 0 | O2: =IF(M2<=30,"0-30 Days", IF(M2<=60,"31-60 Days", IF(M2<=90,"61-90 Days","90+ Days"))) -> 0-30 Days
A3: O0002 | B3: Raskar General Store | C3: West | D3: =MID(E3, 4, 3) -> Feb | E3: 22-Feb-25 | F3: 25-Feb-25 | G3: 27-Mar-25 | H3: 15-Mar-25 | I3: 55000 | J3: 55000 | K3: Paid | L3: =F3-E3 -> 3 | M3: =IF(H3="",TODAY()-F3,H3-F3) -> 18 | N3: =I3-J3 -> 0 | O3: =IF(M3<=30,"0-30 Days", IF(M3<=60,"31-60 Days", IF(M3<=90,"61-90 Days","90+ Days"))) -> 0-30 Days
A4: O0003 | B4: Gupta Traders | C4: North | D4: =MID(E4, 4, 3) -> Jan | E4: 16-Jan-25 | F4: 17-Jan-25 | G4: 16-Feb-25 | H4: 10-Feb-25 | I4: 30000 | J4: 30000 | K4: Paid | L4: =F4-E4 -> 1 | M4: =IF(H4="",TODAY()-F4,H4-F4) -> 24 | N4: =I4-J4 -> 0 | O4: =IF(M4<=30,"0-30 Days", IF(M4<=60,"31-60 Days", IF(M4<=90,"61-90 Days","90+ Days"))) -> 0-30 Days
A5: O0004 | B5: Iyer Supermart | C5: South | D5: =MID(E5, 4, 3) -> Oct | E5: 15-Oct-25 | F5: 16-Oct-25 | G5: 15-Nov-25 | H5: 04-Nov-25 | I5: 55000 | J5: 55000 | K5: Paid | L5: =F5-E5 -> 1 | M5: =IF(H5="",TODAY()-F5,H5-F5) -> 19 | N5: =I5-J5 -> 0 | O5: =IF(M5<=30,"0-30 Days", IF(M5<=60,"31-60 Days", IF(M5<=90,"61-90 Days","90+ Days"))) -> 0-30 Days
A6: O0005 | B6: Raut Supermart | C6: East | D6: =MID(E6, 4, 3) -> May | E6: 23-May-25 | F6: 24-May-25 | G6: 23-Jun-25 | H6: 04-Jul-25 | I6: 25000 | J6: 25000 | K6: Paid Late | L6: =F6-E6 -> 1 | M6: =IF(H6="",TODAY()-F6,H6-F6) -> 41 | N6: =I6-J6 -> 0 | O6: =IF(M6<=30,"0-30 Days", IF(M6<=60,"31-60 Days", IF(M6<=90,"61-90 Days","90+ Days"))) -> 31-60 Days
A7: O0006 | B7: Yadav General Store | C7: East | D7: =MID(E7, 4, 3) -> Mar | E7: 21-Mar-25 | F7: 22-Mar-25 | G7: 21-Apr-25 | H7: 08-Apr-25 | I7: 75000 | J7: 75000 | K7: Paid | L7: =F7-E7 -> 1 | M7: =IF(H7="",TODAY()-F7,H7-F7) -> 17 | N7: =I7-J7 -> 0 | O7: =IF(M7<=30,"0-30 Days", IF(M7<=60,"31-60 Days", IF(M7<=90,"61-90 Days","90+ Days"))) -> 0-30 Days
A8: O0007 | B8: Agarwal Super Store | C8: East | D8: =MID(E8, 4, 3) -> Jul | E8: 03-Jul-25 | F8: 05-Jul-25 | G8: 04-Aug-25 | I8: 50000 | J8: 0 | K8: Overdue | L8: =F8-E8 -> 2 | M8: =IF(H8="",TODAY()-F8,H8-F8) -> 346 | N8: =I8-J8 -> 50000 | O8: =IF(M8<=30,"0-30 Days", IF(M8<=60,"31-60 Days", IF(M8<=90,"61-90 Days","90+ Days"))) -> 90+ Days
A9: O0008 | B9: Pansare Stores | C9: West | D9: =MID(E9, 4, 3) -> Aug | E9: 24-Aug-25 | F9: 27-Aug-25 | G9: 26-Sep-25 | I9: 15000 | J9: 0 | K9: Cancelled | L9: =F9-E9 -> 3 | M9: =IF(H9="",TODAY()-F9,H9-F9) -> 293 | N9: =I9-J9 -> 15000 | O9: =IF(M9<=30,"0-30 Days", IF(M9<=60,"31-60 Days", IF(M9<=90,"61-90 Days","90+ Days"))) -> 90+ Days
A10: O0009 | B10: Londhe Retail | C10: West | D10: =MID(E10, 4, 3) -> Feb | E10: 10-Feb-25 | F10: 13-Feb-25 | G10: 15-Mar-25 | I10: 60000 | J10: 0 | K10: Overdue | L10: =F10-E10 -> 3 | M10: =IF(H10="",TODAY()-F10,H10-F10) -> 488 | N10: =I10-J10 -> 60000 | O10: =IF(M10<=30,"0-30 Days", IF(M10<=60,"31-60 Days", IF(M10<=90,"61-90 Days","90+ Days"))) -> 90+ Days
A11: O0010 | B11: Vitkar Stores | C11: South | D11: =MID(E11, 4, 3) -> Jul | E11: 05-Jul-25 | F11: 08-Jul-25 | G11: 07-Aug-25 | I11: 30000 | J11: 0 | K11: Outstanding | L11: =F11-E11 -> 3 | M11: =IF(H11="",TODAY()-F11,H11-F11) -> 343 | N11: =I11-J11 -> 30000 | O11: =IF(M11<=30,"0-30 Days", IF(M11<=60,"31-60 Days", IF(M11<=90,"61-90 Days","90+ Days"))) -> 90+ Days
A12: O0011 | B12: Singh Departmental Store | C12: North | D12: =MID(E12, 4, 3) -> Dec | E12: 05-Dec-25 | F12: 06-Dec-25 | G12: 05-Jan-26 | I12: 60000 | J12: 0 | K12: Cancelled | L12: =F12-E12 -> 1 | M12: =IF(H12="",TODAY()-F12,H12-F12) -> 192 | N12: =I12-J12 -> 60000 | O12: =IF(M12<=30,"0-30 Days", IF(M12<=60,"31-60 Days", IF(M12<=90,"61-90 Days","90+ Days"))) -> 90+ Days
A13: O0012 | B13: Shetty Supermart | C13: South | D13: =MID(E13, 4, 3) -> Feb | E13: 21-Feb-25 | F13: 23-Feb-25 | G13: 25-Mar-25 | H13: 11-Mar-25 | I13: 50000 | J13: 50000 | K13: Paid | L13: =F13-E13 -> 2 | M13: =IF(H13="",TODAY()-F13,H13-F13) -> 16 | N13: =I13-J13 -> 0 | O13: =IF(M13<=30,"0-30 Days", IF(M13<=60,"31-60 Days", IF(M13<=90,"61-90 Days","90+ Days"))) -> 0-30 Days
A14: O0013 | B14: Jain Retail Mart | C14: West | D14: =MID(E14, 4, 3) -> Jul | E14: 09-Jul-25 | F14: 11-Jul-25 | G14: 10-Aug-25 | H14: 02-Sep-25 | I14: 30000 | J14: 30000 | K14: Paid Late | L14: =F14-E14 -> 2 | M14: =IF(H14="",TODAY()-F14,H14-F14) -> 53 | N14: =I14-J14 -> 0 | O14: =IF(M14<=30,"0-30 Days", IF(M14<=60,"31-60 Days", IF(M14<=90,"61-90 Days","90+ Days"))) -> 31-60 Days
A15: O0014 | B15: Gawali Retail | C15: West | D15: =MID(E15, 4, 3) -> Nov | E15: 28-Nov-25 | F15: 29-Nov-25 | G15: 29-Dec-25 | H15: 11-Dec-25 | I15: 25000 | J15: 25000 | K15: Paid | L15: =F15-E15 -> 1 | M15: =IF(H15="",TODAY()-F15,H15-F15) -> 12 | N15: =I15-J15 -> 0 | O15: =IF(M15<=30,"0-30 Days", IF(M15<=60,"31-60 Days", IF(M15<=90,"61-90 Days","90+ Days"))) -> 0-30 Days
A16: O0015 | B16: Jain Retail Mart | C16: West | D16: =MID(E16, 4, 3) -> Aug | E16: 25-Aug-25 | F16: 27-Aug-25 | G16: 26-Sep-25 | I16: 50000 | J16: 0 | K16: Cancelled | L16: =F16-E16 -> 2 | M16: =IF(H16="",TODAY()-F16,H16-F16) -> 293 | N16: =I16-J16 -> 50000 | O16: =IF(M16<=30,"0-30 Days", IF(M16<=60,"31-60 Days", IF(M16<=90,"61-90 Days","90+ Days"))) -> 90+ Days
A17: O0016 | B17: Yewale Kirana | C17: West | D17: =MID(E17, 4, 3) -> Dec | E17: 19-Dec-25 | F17: 22-Dec-25 | G17: 21-Jan-26 | H17: 17-Feb-26 | I17: 40000 | J17: 40000 | K17: Paid Late | L17: =F17-E17 -> 3 | M17: =IF(H17="",TODAY()-F17,H17-F17) -> 57 | N17: =I17-J17 -> 0 | O17: =IF(M17<=30,"0-30 Days", IF(M17<=60,"31-60 Days", IF(M17<=90,"61-90 Days","90+ Days"))) -> 31-60 Days
A18: O0017 | B18: Varale Stores | C18: West | D18: =MID(E18, 4, 3) -> Jan | E18: 29-Jan-25 | F18: 30-Jan-25 | G18: 01-Mar-25 | I18: 8000 | J18: 0 | K18: Overdue | L18: =F18-E18 -> 1 | M18: =IF(H18="",TODAY()-F18,H18-F18) -> 502 | N18: =I18-J18 -> 8000 | O18: =IF(M18<=30,"0-30 Days", IF(M18<=60,"31-60 Days", IF(M18<=90,"61-90 Days","90+ Days"))) -> 90+ Days
A19: O0018 | B19: Oswal Supermart | C19: West | D19: =MID(E19, 4, 3) -> May | E19: 18-May-25 | F19: 19-May-25 | G19: 18-Jun-25 | H19: 13-Jun-25 | I19: 30000 | J19: 7500 | K19: Partial | L19: =F19-E19 -> 1 | M19: =IF(H19="",TODAY()-F19,H19-F19) -> 25 | N19: =I19-J19 -> 22500 | O19: =IF(M19<=30,"0-30 Days", IF(M19<=60,"31-60 Days", IF(M19<=90,"61-90 Days","90+ Days"))) -> 0-30 Days
A20: O0019 | B20: Aher Provision Mart | C20: West | D20: =MID(E20, 4, 3) -> Sep | E20: 13-Sep-25 | F20: 15-Sep-25 | G20: 15-Oct-25 | H20: 24-Sep-25 | I20: 22000 | J20: 22000 | K20: Paid | L20: =F20-E20 -> 2 | M20: =IF(H20="",TODAY()-F20,H20-F20) -> 9 | N20: =I20-J20 -> 0 | O20: =IF(M20<=30,"0-30 Days", IF(M20<=60,"31-60 Days", IF(M20<=90,"61-90 Days","90+ Days"))) -> 0-30 Days
A21: O0020 | B21: Upadhyay Stores | C21: East | D21: =MID(E21, 4, 3) -> Oct | E21: 15-Oct-25 | F21: 18-Oct-25 | G21: 17-Nov-25 | I21: 50000 | J21: 0 | K21: Outstanding | L21: =F21-E21 -> 3 | M21: =IF(H21="",TODAY()-F21,H21-F21) -> 241 | N21: =I21-J21 -> 50000 | O21: =IF(M21<=30,"0-30 Days", IF(M21<=60,"31-60 Days", IF(M21<=90,"61-90 Days","90+ Days"))) -> 90+ Days
A22: O0021 | B22: Salve Stores | C22: West | D22: =MID(E22, 4, 3) -> Oct | E22: 26-Oct-25 | F22: 28-Oct-25 | G22: 27-Nov-25 | H22: 06-Nov-25 | I22: 100000 | J22: 100000 | K22: Paid | L22: =F22-E22 -> 2 | M22: =IF(H22="",TODAY()-F22,H22-F22) -> 9 | N22: =I22-J22 -> 0 | O22: =IF(M22<=30,"0-30 Days", IF(M22<=60,"31-60 Days", IF(M22<=90,"61-90 Days","90+ Days"))) -> 0-30 Days
A23: O0022 | B23: Ekbote Supermart | C23: West | D23: =MID(E23, 4, 3) -> Sep | E23: 10-Sep-25 | F23: 11-Sep-25 | G23: 11-Oct-25 | I23: 8000 | J23: 0 | K23: Overdue | L23: =F23-E23 -> 1 | M23: =IF(H23="",TODAY()-F23,H23-F23) -> 278 | N23: =I23-J23 -> 8000 | O23: =IF(M23<=30,"0-30 Days", IF(M23<=60,"31-60 Days", IF(M23<=90,"61-90 Days","90+ Days"))) -> 90+ Days
A24: O0023 | B24: Iyengar Supermart | C24: South | D24: =MID(E24, 4, 3) -> Nov | E24: 18-Nov-25 | F24: 19-Nov-25 | G24: 19-Dec-25 | H24: 01-Jan-26 | I24: 18000 | J24: 18000 | K24: Paid Late | L24: =F24-E24 -> 1 | M24: =IF(H24="",TODAY()-F24,H24-F24) -> 43 | N24: =I24-J24 -> 0 | O24: =IF(M24<=30,"0-30 Days", IF(M24<=60,"31-60 Days", IF(M24<=90,"61-90 Days","90+ Days"))) -> 31-60 Days
A25: O0024 | B25: Londhe Retail | C25: West | D25: =MID(E25, 4, 3) -> Nov | E25: 02-Nov-25 | F25: 04-Nov-25 | G25: 04-Dec-25 | H25: 26-Nov-25 | I25: 45000 | J25: 45000 | K25: Paid | L25: =F25-E25 -> 2 | M25: =IF(H25="",TODAY()-F25,H25-F25) -> 22 | N25: =I25-J25 -> 0 | O25: =IF(M25<=30,"0-30 Days", IF(M25<=60,"31-60 Days", IF(M25<=90,"61-90 Days","90+ Days"))) -> 0-30 Days
A26: O0025 | B26: Patel Kirana | C26: West | D26: =MID(E26, 4, 3) -> Dec | E26: 15-Dec-25 | F26: 18-Dec-25 | G26: 17-Jan-26 | H26: 04-Feb-26 | I26: 15000 | J26: 15000 | K26: Paid Late | L26: =F26-E26 -> 3 | M26: =IF(H26="",TODAY()-F26,H26-F26) -> 48 | N26: =I26-J26 -> 0 | O26: =IF(M26<=30,"0-30 Days", IF(M26<=60,"31-60 Days", IF(M26<=90,"61-90 Days","90+ Days"))) -> 31-60 Days
A27: O0026 | B27: Suryawanshi Kirana | C27: South | D27: =MID(E27, 4, 3) -> May | E27: 17-May-25 | F27: 20-May-25 | G27: 19-Jun-25 | H27: 07-Jun-25 | I27: 75000 | J27: 75000 | K27: Paid | L27: =F27-E27 -> 3 | M27: =IF(H27="",TODAY()-F27,H27-F27) -> 18 | N27: =I27-J27 -> 0 | O27: =IF(M27<=30,"0-30 Days", IF(M27<=60,"31-60 Days", IF(M27<=90,"61-90 Days","90+ Days"))) -> 0-30 Days
A28: O0027 | B28: Jain Retail Mart | C28: West | D28: =MID(E28, 4, 3) -> Aug | E28: 21-Aug-25 | F28: 22-Aug-25 | G28: 21-Sep-25 | I28: 50000 | J28: 0 | K28: Cancelled | L28: =F28-E28 -> 1 | M28: =IF(H28="",TODAY()-F28,H28-F28) -> 298 | N28: =I28-J28 -> 50000 | O28: =IF(M28<=30,"0-30 Days", IF(M28<=60,"31-60 Days", IF(M28<=90,"61-90 Days","90+ Days"))) -> 90+ Days
A29: O0028 | B29: Ubale Supermart | C29: East | D29: =MID(E29, 4, 3) -> Apr | E29: 02-Apr-25 | F29: 05-Apr-25 | G29: 05-May-25 | I29: 15000 | J29: 0 | K29: Overdue | L29: =F29-E29 -> 3 | M29: =IF(H29="",TODAY()-F29,H29-F29) -> 437 | N29: =I29-J29 -> 15000 | O29: =IF(M29<=30,"0-30 Days", IF(M29<=60,"31-60 Days", IF(M29<=90,"61-90 Days","90+ Days"))) -> 90+ Days
A30: O0029 | B30: Bansal Provision Store | C30: North | D30: =MID(E30, 4, 3) -> Nov | E30: 24-Nov-25 | F30: 27-Nov-25 | G30: 27-Dec-25 | H30: 07-Dec-25 | I30: 30000 | J30: 30000 | K30: Paid | L30: =F30-E30 -> 3 | M30: =IF(H30="",TODAY()-F30,H30-F30) -> 10 | N30: =I30-J30 -> 0 | O30: =IF(M30<=30,"0-30 Days", IF(M30<=60,"31-60 Days", IF(M30<=90,"61-90 Days","90+ Days"))) -> 0-30 Days
A31: O0030 | B31: Jagtap Kirana | C31: West | D31: =MID(E31, 4, 3) -> Sep | E31: 29-Sep-25 | F31: 30-Sep-25 | G31: 30-Oct-25 | H31: 08-Oct-25 | I31: 75000 | J31: 75000 | K31: Paid | L31: =F31-E31 -> 1 | M31: =IF(H31="",TODAY()-F31,H31-F31) -> 8 | N31: =I31-J31 -> 0 | O31: =IF(M31<=30,"0-30 Days", IF(M31<=60,"31-60 Days", IF(M31<=90,"61-90 Days","90+ Days"))) -> 0-30 Days
A32: O0031 | B32: Jadhav Kirana Mart | C32: West | D32: =MID(E32, 4, 3) -> Jun | E32: 07-Jun-25 | F32: 08-Jun-25 | G32: 08-Jul-25 | H32: 01-Jul-25 | I32: 8000 | J32: 8000 | K32: Paid | L32: =F32-E32 -> 1 | M32: =IF(H32="",TODAY()-F32,H32-F32) -> 23 | N32: =I32-J32 -> 0 | O32: =IF(M32<=30,"0-30 Days", IF(M32<=60,"31-60 Days", IF(M32<=90,"61-90 Days","90+ Days"))) -> 0-30 Days
A33: O0032 | B33: Nair General Stores | C33: South | D33: =MID(E33, 4, 3) -> Feb | E33: 13-Feb-25 | F33: 16-Feb-25 | G33: 18-Mar-25 | I33: 35000 | J33: 0 | K33: Overdue | L33: =F33-E33 -> 3 | M33: =IF(H33="",TODAY()-F33,H33-F33) -> 485 | N33: =I33-J33 -> 35000 | O33: =IF(M33<=30,"0-30 Days", IF(M33<=60,"31-60 Days", IF(M33<=90,"61-90 Days","90+ Days"))) -> 90+ Days
A34: O0033 | B34: Ubale Supermart | C34: East | D34: =MID(E34, 4, 3) -> Sep | E34: 30-Sep-25 | F34: 01-Oct-25 | G34: 31-Oct-25 | H34: 18-Nov-25 | I34: 20000 | J34: 20000 | K34: Paid Late | L34: =F34-E34 -> 1 | M34: =IF(H34="",TODAY()-F34,H34-F34) -> 48 | N34: =I34-J34 -> 0 | O34: =IF(M34<=30,"0-30 Days", IF(M34<=60,"31-60 Days", IF(M34<=90,"61-90 Days","90+ Days"))) -> 31-60 Days
A35: O0034 | B35: Kaur General Store | C35: North | D35: =MID(E35, 4, 3) -> May | E35: 16-May-25 | F35: 19-May-25 | G35: 18-Jun-25 | I35: 18000 | J35: 0 | K35: Cancelled | L35: =F35-E35 -> 3 | M35: =IF(H35="",TODAY()-F35,H35-F35) -> 393 | N35: =I35-J35 -> 18000 | O35: =IF(M35<=30,"0-30 Days", IF(M35<=60,"31-60 Days", IF(M35<=90,"61-90 Days","90+ Days"))) -> 90+ Days
A36: O0035 | B36: Jagtap Kirana | C36: West | D36: =MID(E36, 4, 3) -> Dec | E36: 20-Dec-25 | F36: 21-Dec-25 | G36: 20-Jan-26 | H36: 16-Jan-26 | I36: 60000 | J36: 60000 | K36: Paid | L36: =F36-E36 -> 1 | M36: =IF(H36="",TODAY()-F36,H36-F36) -> 26 | N36: =I36-J36 -> 0 | O36: =IF(M36<=30,"0-30 Days", IF(M36<=60,"31-60 Days", IF(M36<=90,"61-90 Days","90+ Days"))) -> 0-30 Days
A37: O0036 | B37: Aher Provision Mart | C37: West | D37: =MID(E37, 4, 3) -> Jul | E37: 11-Jul-25 | F37: 13-Jul-25 | G37: 12-Aug-25 | H37: 25-Jul-25 | I37: 45000 | J37: 45000 | K37: Paid | L37: =F37-E37 -> 2 | M37: =IF(H37="",TODAY()-F37,H37-F37) -> 12 | N37: =I37-J37 -> 0 | O37: =IF(M37<=30,"0-30 Days", IF(M37<=60,"31-60 Days", IF(M37<=90,"61-90 Days","90+ Days"))) -> 0-30 Days
A38: O0037 | B38: Rastogi General Store | C38: North | D38: =MID(E38, 4, 3) -> Feb | E38: 02-Feb-25 | F38: 04-Feb-25 | G38: 06-Mar-25 | H38: 14-Mar-25 | I38: 5000 | J38: 5000 | K38: Paid Late | L38: =F38-E38 -> 2 | M38: =IF(H38="",TODAY()-F38,H38-F38) -> 38 | N38: =I38-J38 -> 0 | O38: =IF(M38<=30,"0-30 Days", IF(M38<=60,"31-60 Days", IF(M38<=90,"61-90 Days","90+ Days"))) -> 31-60 Days
A39: O0038 | B39: Raut Supermart | C39: East | D39: =MID(E39, 4, 3) -> Apr | E39: 23-Apr-25 | F39: 24-Apr-25 | G39: 24-May-25 | I39: 10000 | J39: 0 | K39: Outstanding | L39: =F39-E39 -> 1 | M39: =IF(H39="",TODAY()-F39,H39-F39) -> 418 | N39: =I39-J39 -> 10000 | O39: =IF(M39<=30,"0-30 Days", IF(M39<=60,"31-60 Days", IF(M39<=90,"61-90 Days","90+ Days"))) -> 90+ Days
A40: O0039 | B40: Mehta Retail | C40: West | D40: =MID(E40, 4, 3) -> Apr | E40: 28-Apr-25 | F40: 29-Apr-25 | G40: 29-May-25 | I40: 8000 | J40: 0 | K40: Overdue | L40: =F40-E40 -> 1 | M40: =IF(H40="",TODAY()-F40,H40-F40) -> 413 | N40: =I40-J40 -> 8000 | O40: =IF(M40<=30,"0-30 Days", IF(M40<=60,"31-60 Days", IF(M40<=90,"61-90 Days","90+ Days"))) -> 90+ Days
A41: O0040 | B41: Joshi Kirana | C41: West | D41: =MID(E41, 4, 3) -> Sep | E41: 21-Sep-25 | F41: 22-Sep-25 | G41: 22-Oct-25 | H41: 29-Oct-25 | I41: 50000 | J41: 50000 | K41: Paid Late | L41: =F41-E41 -> 1 | M41: =IF(H41="",TODAY()-F41,H41-F41) -> 37 | N41: =I41-J41 -> 0 | O41: =IF(M41<=30,"0-30 Days", IF(M41<=60,"31-60 Days", IF(M41<=90,"61-90 Days","90+ Days"))) -> 31-60 Days
A42: O0041 | B42: Jagtap Kirana | C42: West | D42: =MID(E42, 4, 3) -> Mar | E42: 09-Mar-25 | F42: 12-Mar-25 | G42: 11-Apr-25 | H42: 01-Apr-25 | I42: 35000 | J42: 35000 | K42: Paid | L42: =F42-E42 -> 3 | M42: =IF(H42="",TODAY()-F42,H42-F42) -> 20 | N42: =I42-J42 -> 0 | O42: =IF(M42<=30,"0-30 Days", IF(M42<=60,"31-60 Days", IF(M42<=90,"61-90 Days","90+ Days"))) -> 0-30 Days
A43: O0042 | B43: Patil Brothers | C43: West | D43: =MID(E43, 4, 3) -> Apr | E43: 08-Apr-25 | F43: 09-Apr-25 | G43: 09-May-25 | H43: 21-May-25 | I43: 15000 | J43: 15000 | K43: Paid Late | L43: =F43-E43 -> 1 | M43: =IF(H43="",TODAY()-F43,H43-F43) -> 42 | N43: =I43-J43 -> 0 | O43: =IF(M43<=30,"0-30 Days", IF(M43<=60,"31-60 Days", IF(M43<=90,"61-90 Days","90+ Days"))) -> 31-60 Days
A44: O0043 | B44: Salve Stores | C44: West | D44: =MID(E44, 4, 3) -> Jul | E44: 30-Jul-25 | F44: 01-Aug-25 | G44: 31-Aug-25 | H44: 21-Sep-25 | I44: 8000 | J44: 8000 | K44: Paid Late | L44: =F44-E44 -> 2 | M44: =IF(H44="",TODAY()-F44,H44-F44) -> 51 | N44: =I44-J44 -> 0 | O44: =IF(M44<=30,"0-30 Days", IF(M44<=60,"31-60 Days", IF(M44<=90,"61-90 Days","90+ Days"))) -> 31-60 Days
A45: O0044 | B45: Agarwal Super Store | C45: East | D45: =MID(E45, 4, 3) -> Feb | E45: 01-Feb-25 | F45: 03-Feb-25 | G45: 05-Mar-25 | I45: 75000 | J45: 0 | K45: Overdue | L45: =F45-E45 -> 2 | M45: =IF(H45="",TODAY()-F45,H45-F45) -> 498 | N45: =I45-J45 -> 75000 | O45: =IF(M45<=30,"0-30 Days", IF(M45<=60,"31-60 Days", IF(M45<=90,"61-90 Days","90+ Days"))) -> 90+ Days
A46: O0045 | B46: Bose Brothers Retail | C46: East | D46: =MID(E46, 4, 3) -> May | E46: 08-May-25 | F46: 09-May-25 | G46: 08-Jun-25 | H46: 18-May-25 | I46: 30000 | J46: 30000 | K46: Paid | L46: =F46-E46 -> 1 | M46: =IF(H46="",TODAY()-F46,H46-F46) -> 9 | N46: =I46-J46 -> 0 | O46: =IF(M46<=30,"0-30 Days", IF(M46<=60,"31-60 Days", IF(M46<=90,"61-90 Days","90+ Days"))) -> 0-30 Days
A47: O0046 | B47: Salve Stores | C47: West | D47: =MID(E47, 4, 3) -> Apr | E47: 04-Apr-25 | F47: 06-Apr-25 | G47: 06-May-25 | H47: 13-Apr-25 | I47: 22000 | J47: 22000 | K47: Paid | L47: =F47-E47 -> 2 | M47: =IF(H47="",TODAY()-F47,H47-F47) -> 7 | N47: =I47-J47 -> 0 | O47: =IF(M47<=30,"0-30 Days", IF(M47<=60,"31-60 Days", IF(M47<=90,"61-90 Days","90+ Days"))) -> 0-30 Days
A48: O0047 | B48: Unde Provision Mart | C48: West | D48: =MID(E48, 4, 3) -> Oct | E48: 09-Oct-25 | F48: 10-Oct-25 | G48: 09-Nov-25 | H48: 27-Nov-25 | I48: 8000 | J48: 8000 | K48: Paid Late | L48: =F48-E48 -> 1 | M48: =IF(H48="",TODAY()-F48,H48-F48) -> 48 | N48: =I48-J48 -> 0 | O48: =IF(M48<=30,"0-30 Days", IF(M48<=60,"31-60 Days", IF(M48<=90,"61-90 Days","90+ Days"))) -> 31-60 Days
A49: O0048 | B49: Patel Kirana | C49: West | D49: =MID(E49, 4, 3) -> Feb | E49: 17-Feb-25 | F49: 18-Feb-25 | G49: 20-Mar-25 | H49: 10-Mar-25 | I49: 25000 | J49: 25000 | K49: Paid | L49: =F49-E49 -> 1 | M49: =IF(H49="",TODAY()-F49,H49-F49) -> 20 | N49: =I49-J49 -> 0 | O49: =IF(M49<=30,"0-30 Days", IF(M49<=60,"31-60 Days", IF(M49<=90,"61-90 Days","90+ Days"))) -> 0-30 Days
A50: O0049 | B50: Qureshi Traders | C50: West | D50: =MID(E50, 4, 3) -> Jul | E50: 25-Jul-25 | F50: 26-Jul-25 | G50: 25-Aug-25 | H50: 12-Aug-25 | I50: 25000 | J50: 25000 | K50: Paid | L50: =F50-E50 -> 1 | M50: =IF(H50="",TODAY()-F50,H50-F50) -> 17 | N50: =I50-J50 -> 0 | O50: =IF(M50<=30,"0-30 Days", IF(M50<=60,"31-60 Days", IF(M50<=90,"61-90 Days","90+ Days"))) -> 0-30 Days
A51: O0050 | B51: Walia Brothers | C51: North | D51: =MID(E51, 4, 3) -> Aug | E51: 21-Aug-25 | F51: 23-Aug-25 | G51: 22-Sep-25 | H51: 16-Oct-25 | I51: 18000 | J51: 18000 | K51: Paid Late | L51: =F51-E51 -> 2 | M51: =IF(H51="",TODAY()-F51,H51-F51) -> 54 | N51: =I51-J51 -> 0 | O51: =IF(M51<=30,"0-30 Days", IF(M51<=60,"31-60 Days", IF(M51<=90,"61-90 Days","90+ Days"))) -> 31-60 Days
A52: O0051 | B52: Yashwante General Store | C52: South | D52: =MID(E52, 4, 3) -> Oct | E52: 12-Oct-25 | F52: 15-Oct-25 | G52: 14-Nov-25 | H52: 29-Oct-25 | I52: 35000 | J52: 35000 | K52: Paid | L52: =F52-E52 -> 3 | M52: =IF(H52="",TODAY()-F52,H52-F52) -> 14 | N52: =I52-J52 -> 0 | O52: =IF(M52<=30,"0-30 Days", IF(M52<=60,"31-60 Days", IF(M52<=90,"61-90 Days","90+ Days"))) -> 0-30 Days
A53: O0052 | B53: Qureshi Traders | C53: West | D53: =MID(E53, 4, 3) -> Jan | E53: 30-Jan-25 | F53: 02-Feb-25 | G53: 04-Mar-25 | H53: 17-Feb-25 | I53: 55000 | J53: 55000 | K53: Paid | L53: =F53-E53 -> 3 | M53: =IF(H53="",TODAY()-F53,H53-F53) -> 15 | N53: =I53-J53 -> 0 | O53: =IF(M53<=30,"0-30 Days", IF(M53<=60,"31-60 Days", IF(M53<=90,"61-90 Days","90+ Days"))) -> 0-30 Days
A54: O0053 | B54: Mehta Retail | C54: West | D54: =MID(E54, 4, 3) -> Jan | E54: 26-Jan-25 | F54: 29-Jan-25 | G54: 28-Feb-25 | H54: 19-Feb-25 | I54: 35000 | J54: 35000 | K54: Paid | L54: =F54-E54 -> 3 | M54: =IF(H54="",TODAY()-F54,H54-F54) -> 21 | N54: =I54-J54 -> 0 | O54: =IF(M54<=30,"0-30 Days", IF(M54<=60,"31-60 Days", IF(M54<=90,"61-90 Days","90+ Days"))) -> 0-30 Days
A55: O0054 | B55: Jain Retail Mart | C55: West | D55: =MID(E55, 4, 3) -> Jan | E55: 30-Jan-25 | F55: 02-Feb-25 | G55: 04-Mar-25 | I55: 10000 | J55: 0 | K55: Overdue | L55: =F55-E55 -> 3 | M55: =IF(H55="",TODAY()-F55,H55-F55) -> 499 | N55: =I55-J55 -> 10000 | O55: =IF(M55<=30,"0-30 Days", IF(M55<=60,"31-60 Days", IF(M55<=90,"61-90 Days","90+ Days"))) -> 90+ Days
A56: O0055 | B56: Rao Enterprises | C56: South | D56: =MID(E56, 4, 3) -> Nov | E56: 01-Nov-25 | F56: 02-Nov-25 | G56: 02-Dec-25 | H56: 25-Nov-25 | I56: 40000 | J56: 40000 | K56: Paid | L56: =F56-E56 -> 1 | M56: =IF(H56="",TODAY()-F56,H56-F56) -> 23 | N56: =I56-J56 -> 0 | O56: =IF(M56<=30,"0-30 Days", IF(M56<=60,"31-60 Days", IF(M56<=90,"61-90 Days","90+ Days"))) -> 0-30 Days
A57: O0056 | B57: Upadhyay Stores | C57: East | D57: =MID(E57, 4, 3) -> Oct | E57: 24-Oct-25 | F57: 27-Oct-25 | G57: 26-Nov-25 | H57: 10-Dec-25 | I57: 8000 | J57: 8000 | K57: Paid Late | L57: =F57-E57 -> 3 | M57: =IF(H57="",TODAY()-F57,H57-F57) -> 44 | N57: =I57-J57 -> 0 | O57: =IF(M57<=30,"0-30 Days", IF(M57<=60,"31-60 Days", IF(M57<=90,"61-90 Days","90+ Days"))) -> 31-60 Days
A58: O0057 | B58: Bansode Stores | C58: West | D58: =MID(E58, 4, 3) -> Oct | E58: 26-Oct-25 | F58: 29-Oct-25 | G58: 28-Nov-25 | H58: 11-Nov-25 | I58: 45000 | J58: 45000 | K58: Paid | L58: =F58-E58 -> 3 | M58: =IF(H58="",TODAY()-F58,H58-F58) -> 13 | N58: =I58-J58 -> 0 | O58: =IF(M58<=30,"0-30 Days", IF(M58<=60,"31-60 Days", IF(M58<=90,"61-90 Days","90+ Days"))) -> 0-30 Days
A59: O0058 | B59: Pillai Provision Store | C59: South | D59: =MID(E59, 4, 3) -> Dec | E59: 09-Dec-25 | F59: 12-Dec-25 | G59: 11-Jan-26 | H59: 29-Dec-25 | I59: 75000 | J59: 75000 | K59: Paid | L59: =F59-E59 -> 3 | M59: =IF(H59="",TODAY()-F59,H59-F59) -> 17 | N59: =I59-J59 -> 0 | O59: =IF(M59<=30,"0-30 Days", IF(M59<=60,"31-60 Days", IF(M59<=90,"61-90 Days","90+ Days"))) -> 0-30 Days
A60: O0059 | B60: Fernandes Stores | C60: West | D60: =MID(E60, 4, 3) -> Dec | E60: 10-Dec-25 | F60: 13-Dec-25 | G60: 12-Jan-26 | H60: 20-Dec-25 | I60: 60000 | J60: 60000 | K60: Paid | L60: =F60-E60 -> 3 | M60: =IF(H60="",TODAY()-F60,H60-F60) -> 7 | N60: =I60-J60 -> 0 | O60: =IF(M60<=30,"0-30 Days", IF(M60<=60,"31-60 Days", IF(M60<=90,"61-90 Days","90+ Days"))) -> 0-30 Days
A61: O0060 | B61: Patel Kirana | C61: West | D61: =MID(E61, 4, 3) -> Aug | E61: 23-Aug-25 | F61: 26-Aug-25 | G61: 25-Sep-25 | H61: 06-Sep-25 | I61: 15000 | J61: 15000 | K61: Paid | L61: =F61-E61 -> 3 | M61: =IF(H61="",TODAY()-F61,H61-F61) -> 11 | N61: =I61-J61 -> 0 | O61: =IF(M61<=30,"0-30 Days", IF(M61<=60,"31-60 Days", IF(M61<=90,"61-90 Days","90+ Days"))) -> 0-30 Days
A62: O0061 | B62: Desai Provision Store | C62: West | D62: =MID(E62, 4, 3) -> May | E62: 16-May-25 | F62: 17-May-25 | G62: 16-Jun-25 | H62: 06-Jun-25 | I62: 100000 | J62: 50000 | K62: Partial | L62: =F62-E62 -> 1 | M62: =IF(H62="",TODAY()-F62,H62-F62) -> 20 | N62: =I62-J62 -> 50000 | O62: =IF(M62<=30,"0-30 Days", IF(M62<=60,"31-60 Days", IF(M62<=90,"61-90 Days","90+ Days"))) -> 0-30 Days
A63: O0062 | B63: Zutshi Traders | C63: North | D63: =MID(E63, 4, 3) -> Mar | E63: 22-Mar-25 | F63: 24-Mar-25 | G63: 23-Apr-25 | I63: 55000 | J63: 0 | K63: Outstanding | L63: =F63-E63 -> 2 | M63: =IF(H63="",TODAY()-F63,H63-F63) -> 449 | N63: =I63-J63 -> 55000 | O63: =IF(M63<=30,"0-30 Days", IF(M63<=60,"31-60 Days", IF(M63<=90,"61-90 Days","90+ Days"))) -> 90+ Days
A64: O0063 | B64: Ugale Brothers | C64: West | D64: =MID(E64, 4, 3) -> Dec | E64: 01-Dec-25 | F64: 04-Dec-25 | G64: 03-Jan-26 | H64: 21-Jan-26 | I64: 5000 | J64: 5000 | K64: Paid Late | L64: =F64-E64 -> 3 | M64: =IF(H64="",TODAY()-F64,H64-F64) -> 48 | N64: =I64-J64 -> 0 | O64: =IF(M64<=30,"0-30 Days", IF(M64<=60,"31-60 Days", IF(M64<=90,"61-90 Days","90+ Days"))) -> 31-60 Days
A65: O0064 | B65: Bansal Provision Store | C65: North | D65: =MID(E65, 4, 3) -> Dec | E65: 06-Dec-25 | F65: 07-Dec-25 | G65: 06-Jan-26 | H65: 15-Dec-25 | I65: 20000 | J65: 20000 | K65: Paid | L65: =F65-E65 -> 1 | M65: =IF(H65="",TODAY()-F65,H65-F65) -> 8 | N65: =I65-J65 -> 0 | O65: =IF(M65<=30,"0-30 Days", IF(M65<=60,"31-60 Days", IF(M65<=90,"61-90 Days","90+ Days"))) -> 0-30 Days
A66: O0065 | B66: Shinde Provision Mart | C66: West | D66: =MID(E66, 4, 3) -> Oct | E66: 11-Oct-25 | F66: 12-Oct-25 | G66: 11-Nov-25 | H66: 23-Oct-25 | I66: 50000 | J66: 50000 | K66: Paid | L66: =F66-E66 -> 1 | M66: =IF(H66="",TODAY()-F66,H66-F66) -> 11 | N66: =I66-J66 -> 0 | O66: =IF(M66<=30,"0-30 Days", IF(M66<=60,"31-60 Days", IF(M66<=90,"61-90 Days","90+ Days"))) -> 0-30 Days
A67: O0066 | B67: More Brothers Retail | C67: West | D67: =MID(E67, 4, 3) -> Jun | E67: 25-Jun-25 | F67: 26-Jun-25 | G67: 26-Jul-25 | H67: 09-Jul-25 | I67: 50000 | J67: 50000 | K67: Paid | L67: =F67-E67 -> 1 | M67: =IF(H67="",TODAY()-F67,H67-F67) -> 13 | N67: =I67-J67 -> 0 | O67: =IF(M67<=30,"0-30 Days", IF(M67<=60,"31-60 Days", IF(M67<=90,"61-90 Days","90+ Days"))) -> 0-30 Days
A68: O0067 | B68: Krishnan Stores | C68: South | D68: =MID(E68, 4, 3) -> Feb | E68: 17-Feb-25 | F68: 20-Feb-25 | G68: 22-Mar-25 | I68: 18000 | J68: 0 | K68: Overdue | L68: =F68-E68 -> 3 | M68: =IF(H68="",TODAY()-F68,H68-F68) -> 481 | N68: =I68-J68 -> 18000 | O68: =IF(M68<=30,"0-30 Days", IF(M68<=60,"31-60 Days", IF(M68<=90,"61-90 Days","90+ Days"))) -> 90+ Days
A69: O0068 | B69: Singh Departmental Store | C69: North | D69: =MID(E69, 4, 3) -> Jan | E69: 02-Jan-25 | F69: 04-Jan-25 | G69: 03-Feb-25 | H69: 12-Feb-25 | I69: 20000 | J69: 20000 | K69: Paid Late | L69: =F69-E69 -> 2 | M69: =IF(H69="",TODAY()-F69,H69-F69) -> 39 | N69: =I69-J69 -> 0 | O69: =IF(M69<=30,"0-30 Days", IF(M69<=60,"31-60 Days", IF(M69<=90,"61-90 Days","90+ Days"))) -> 31-60 Days
A70: O0069 | B70: Jain Retail Mart | C70: West | D70: =MID(E70, 4, 3) -> Aug | E70: 15-Aug-25 | F70: 18-Aug-25 | G70: 17-Sep-25 | H70: 21-Sep-25 | I70: 18000 | J70: 18000 | K70: Paid Late | L70: =F70-E70 -> 3 | M70: =IF(H70="",TODAY()-F70,H70-F70) -> 34 | N70: =I70-J70 -> 0 | O70: =IF(M70<=30,"0-30 Days", IF(M70<=60,"31-60 Days", IF(M70<=90,"61-90 Days","90+ Days"))) -> 31-60 Days
A71: O0070 | B71: Joshi Kirana | C71: West | D71: =MID(E71, 4, 3) -> Dec | E71: 20-Dec-25 | F71: 21-Dec-25 | G71: 20-Jan-26 | H71: 06-Jan-26 | I71: 55000 | J71: 55000 | K71: Paid | L71: =F71-E71 -> 1 | M71: =IF(H71="",TODAY()-F71,H71-F71) -> 16 | N71: =I71-J71 -> 0 | O71: =IF(M71<=30,"0-30 Days", IF(M71<=60,"31-60 Days", IF(M71<=90,"61-90 Days","90+ Days"))) -> 0-30 Days
A72: O0071 | B72: Pawar Kirana Bhandar | C72: West | D72: =MID(E72, 4, 3) -> Oct | E72: 10-Oct-25 | F72: 11-Oct-25 | G72: 10-Nov-25 | H72: 25-Oct-25 | I72: 18000 | J72: 18000 | K72: Paid | L72: =F72-E72 -> 1 | M72: =IF(H72="",TODAY()-F72,H72-F72) -> 14 | N72: =I72-J72 -> 0 | O72: =IF(M72<=30,"0-30 Days", IF(M72<=60,"31-60 Days", IF(M72<=90,"61-90 Days","90+ Days"))) -> 0-30 Days
A73: O0072 | B73: Jadhav Kirana Mart | C73: West | D73: =MID(E73, 4, 3) -> Jan | E73: 21-Jan-25 | F73: 23-Jan-25 | G73: 22-Feb-25 | H73: 16-Mar-25 | I73: 30000 | J73: 30000 | K73: Paid Late | L73: =F73-E73 -> 2 | M73: =IF(H73="",TODAY()-F73,H73-F73) -> 52 | N73: =I73-J73 -> 0 | O73: =IF(M73<=30,"0-30 Days", IF(M73<=60,"31-60 Days", IF(M73<=90,"61-90 Days","90+ Days"))) -> 31-60 Days
A74: O0073 | B74: Bose Brothers Retail | C74: East | D74: =MID(E74, 4, 3) -> Jul | E74: 01-Jul-25 | F74: 04-Jul-25 | G74: 03-Aug-25 | I74: 18000 | J74: 0 | K74: Cancelled | L74: =F74-E74 -> 3 | M74: =IF(H74="",TODAY()-F74,H74-F74) -> 347 | N74: =I74-J74 -> 18000 | O74: =IF(M74<=30,"0-30 Days", IF(M74<=60,"31-60 Days", IF(M74<=90,"61-90 Days","90+ Days"))) -> 90+ Days
A75: O0074 | B75: Shinde Provision Mart | C75: West | D75: =MID(E75, 4, 3) -> Mar | E75: 21-Mar-25 | F75: 22-Mar-25 | G75: 21-Apr-25 | I75: 25000 | J75: 0 | K75: Cancelled | L75: =F75-E75 -> 1 | M75: =IF(H75="",TODAY()-F75,H75-F75) -> 451 | N75: =I75-J75 -> 25000 | O75: =IF(M75<=30,"0-30 Days", IF(M75<=60,"31-60 Days", IF(M75<=90,"61-90 Days","90+ Days"))) -> 90+ Days
A76: O0075 | B76: Lal Brothers | C76: North | D76: =MID(E76, 4, 3) -> Jul | E76: 31-Jul-25 | F76: 01-Aug-25 | G76: 31-Aug-25 | I76: 25000 | J76: 0 | K76: Outstanding | L76: =F76-E76 -> 1 | M76: =IF(H76="",TODAY()-F76,H76-F76) -> 319 | N76: =I76-J76 -> 25000 | O76: =IF(M76<=30,"0-30 Days", IF(M76<=60,"31-60 Days", IF(M76<=90,"61-90 Days","90+ Days"))) -> 90+ Days
A77: O0076 | B77: Fulzele Kirana | C77: West | D77: =MID(E77, 4, 3) -> Jul | E77: 30-Jul-25 | F77: 02-Aug-25 | G77: 01-Sep-25 | H77: 29-Aug-25 | I77: 40000 | J77: 40000 | K77: Paid | L77: =F77-E77 -> 3 | M77: =IF(H77="",TODAY()-F77,H77-F77) -> 27 | N77: =I77-J77 -> 0 | O77: =IF(M77<=30,"0-30 Days", IF(M77<=60,"31-60 Days", IF(M77<=90,"61-90 Days","90+ Days"))) -> 0-30 Days
A78: O0077 | B78: Bose Brothers Retail | C78: East | D78: =MID(E78, 4, 3) -> Jul | E78: 15-Jul-25 | F78: 16-Jul-25 | G78: 15-Aug-25 | H78: 04-Aug-25 | I78: 35000 | J78: 35000 | K78: Paid | L78: =F78-E78 -> 1 | M78: =IF(H78="",TODAY()-F78,H78-F78) -> 19 | N78: =I78-J78 -> 0 | O78: =IF(M78<=30,"0-30 Days", IF(M78<=60,"31-60 Days", IF(M78<=90,"61-90 Days","90+ Days"))) -> 0-30 Days
A79: O0078 | B79: Hande General Store | C79: West | D79: =MID(E79, 4, 3) -> Jun | E79: 06-Jun-25 | F79: 07-Jun-25 | G79: 07-Jul-25 | H79: 18-Jun-25 | I79: 40000 | J79: 40000 | K79: Paid | L79: =F79-E79 -> 1 | M79: =IF(H79="",TODAY()-F79,H79-F79) -> 11 | N79: =I79-J79 -> 0 | O79: =IF(M79<=30,"0-30 Days", IF(M79<=60,"31-60 Days", IF(M79<=90,"61-90 Days","90+ Days"))) -> 0-30 Days
A80: O0079 | B80: Oswal Supermart | C80: West | D80: =MID(E80, 4, 3) -> Jun | E80: 18-Jun-25 | F80: 20-Jun-25 | G80: 20-Jul-25 | I80: 10000 | J80: 0 | K80: Cancelled | L80: =F80-E80 -> 2 | M80: =IF(H80="",TODAY()-F80,H80-F80) -> 361 | N80: =I80-J80 -> 10000 | O80: =IF(M80<=30,"0-30 Days", IF(M80<=60,"31-60 Days", IF(M80<=90,"61-90 Days","90+ Days"))) -> 90+ Days
A81: O0080 | B81: Yadav General Store | C81: East | D81: =MID(E81, 4, 3) -> Jun | E81: 29-Jun-25 | F81: 02-Jul-25 | G81: 01-Aug-25 | H81: 24-Jul-25 | I81: 45000 | J81: 45000 | K81: Paid | L81: =F81-E81 -> 3 | M81: =IF(H81="",TODAY()-F81,H81-F81) -> 22 | N81: =I81-J81 -> 0 | O81: =IF(M81<=30,"0-30 Days", IF(M81<=60,"31-60 Days", IF(M81<=90,"61-90 Days","90+ Days"))) -> 0-30 Days
A82: O0081 | B82: Fulzele Kirana | C82: West | D82: =MID(E82, 4, 3) -> Jan | E82: 15-Jan-25 | F82: 16-Jan-25 | G82: 15-Feb-25 | H82: 29-Jan-25 | I82: 50000 | J82: 50000 | K82: Paid | L82: =F82-E82 -> 1 | M82: =IF(H82="",TODAY()-F82,H82-F82) -> 13 | N82: =I82-J82 -> 0 | O82: =IF(M82<=30,"0-30 Days", IF(M82<=60,"31-60 Days", IF(M82<=90,"61-90 Days","90+ Days"))) -> 0-30 Days
A83: O0082 | B83: Gupta Traders | C83: North | D83: =MID(E83, 4, 3) -> Feb | E83: 25-Feb-25 | F83: 28-Feb-25 | G83: 30-Mar-25 | H83: 15-Mar-25 | I83: 18000 | J83: 18000 | K83: Paid | L83: =F83-E83 -> 3 | M83: =IF(H83="",TODAY()-F83,H83-F83) -> 15 | N83: =I83-J83 -> 0 | O83: =IF(M83<=30,"0-30 Days", IF(M83<=60,"31-60 Days", IF(M83<=90,"61-90 Days","90+ Days"))) -> 0-30 Days
A84: O0083 | B84: Thorat General Store | C84: West | D84: =MID(E84, 4, 3) -> Nov | E84: 07-Nov-25 | F84: 10-Nov-25 | G84: 10-Dec-25 | H84: 03-Dec-25 | I84: 15000 | J84: 15000 | K84: Paid | L84: =F84-E84 -> 3 | M84: =IF(H84="",TODAY()-F84,H84-F84) -> 23 | N84: =I84-J84 -> 0 | O84: =IF(M84<=30,"0-30 Days", IF(M84<=60,"31-60 Days", IF(M84<=90,"61-90 Days","90+ Days"))) -> 0-30 Days
A85: O0084 | B85: Nanda Stores | C85: East | D85: =MID(E85, 4, 3) -> May | E85: 11-May-25 | F85: 12-May-25 | G85: 11-Jun-25 | H85: 03-Jun-25 | I85: 18000 | J85: 18000 | K85: Paid | L85: =F85-E85 -> 1 | M85: =IF(H85="",TODAY()-F85,H85-F85) -> 22 | N85: =I85-J85 -> 0 | O85: =IF(M85<=30,"0-30 Days", IF(M85<=60,"31-60 Days", IF(M85<=90,"61-90 Days","90+ Days"))) -> 0-30 Days
A86: O0085 | B86: Gawali Retail | C86: West | D86: =MID(E86, 4, 3) -> Dec | E86: 10-Dec-25 | F86: 11-Dec-25 | G86: 10-Jan-26 | H86: 06-Jan-26 | I86: 100000 | J86: 100000 | K86: Paid | L86: =F86-E86 -> 1 | M86: =IF(H86="",TODAY()-F86,H86-F86) -> 26 | N86: =I86-J86 -> 0 | O86: =IF(M86<=30,"0-30 Days", IF(M86<=60,"31-60 Days", IF(M86<=90,"61-90 Days","90+ Days"))) -> 0-30 Days
A87: O0086 | B87: Fulzele Kirana | C87: West | D87: =MID(E87, 4, 3) -> Nov | E87: 16-Nov-25 | F87: 18-Nov-25 | G87: 18-Dec-25 | I87: 15000 | J87: 0 | K87: Outstanding | L87: =F87-E87 -> 2 | M87: =IF(H87="",TODAY()-F87,H87-F87) -> 210 | N87: =I87-J87 -> 15000 | O87: =IF(M87<=30,"0-30 Days", IF(M87<=60,"31-60 Days", IF(M87<=90,"61-90 Days","90+ Days"))) -> 90+ Days
A88: O0087 | B88: Bansal Provision Store | C88: North | D88: =MID(E88, 4, 3) -> Sep | E88: 17-Sep-25 | F88: 19-Sep-25 | G88: 19-Oct-25 | H88: 16-Oct-25 | I88: 18000 | J88: 18000 | K88: Paid | L88: =F88-E88 -> 2 | M88: =IF(H88="",TODAY()-F88,H88-F88) -> 27 | N88: =I88-J88 -> 0 | O88: =IF(M88<=30,"0-30 Days", IF(M88<=60,"31-60 Days", IF(M88<=90,"61-90 Days","90+ Days"))) -> 0-30 Days
A89: O0088 | B89: Anand Kirana | C89: West | D89: =MID(E89, 4, 3) -> Oct | E89: 11-Oct-25 | F89: 12-Oct-25 | G89: 11-Nov-25 | H89: 29-Oct-25 | I89: 30000 | J89: 30000 | K89: Paid | L89: =F89-E89 -> 1 | M89: =IF(H89="",TODAY()-F89,H89-F89) -> 17 | N89: =I89-J89 -> 0 | O89: =IF(M89<=30,"0-30 Days", IF(M89<=60,"31-60 Days", IF(M89<=90,"61-90 Days","90+ Days"))) -> 0-30 Days
A90: O0089 | B90: Dhole Kirana | C90: West | D90: =MID(E90, 4, 3) -> Mar | E90: 31-Mar-25 | F90: 03-Apr-25 | G90: 03-May-25 | H90: 08-Apr-25 | I90: 60000 | J90: 60000 | K90: Paid | L90: =F90-E90 -> 3 | M90: =IF(H90="",TODAY()-F90,H90-F90) -> 5 | N90: =I90-J90 -> 0 | O90: =IF(M90<=30,"0-30 Days", IF(M90<=60,"31-60 Days", IF(M90<=90,"61-90 Days","90+ Days"))) -> 0-30 Days
A91: O0090 | B91: Bansal Provision Store | C91: North | D91: =MID(E91, 4, 3) -> May | E91: 27-May-25 | F91: 28-May-25 | G91: 27-Jun-25 | I91: 18000 | J91: 0 | K91: Outstanding | L91: =F91-E91 -> 1 | M91: =IF(H91="",TODAY()-F91,H91-F91) -> 384 | N91: =I91-J91 -> 18000 | O91: =IF(M91<=30,"0-30 Days", IF(M91<=60,"31-60 Days", IF(M91<=90,"61-90 Days","90+ Days"))) -> 90+ Days
A92: O0091 | B92: Tambe Provision Store | C92: West | D92: =MID(E92, 4, 3) -> Dec | E92: 02-Dec-25 | F92: 04-Dec-25 | G92: 03-Jan-26 | H92: 30-Dec-25 | I92: 22000 | J92: 22000 | K92: Paid | L92: =F92-E92 -> 2 | M92: =IF(H92="",TODAY()-F92,H92-F92) -> 26 | N92: =I92-J92 -> 0 | O92: =IF(M92<=30,"0-30 Days", IF(M92<=60,"31-60 Days", IF(M92<=90,"61-90 Days","90+ Days"))) -> 0-30 Days
A93: O0092 | B93: Qureshi Traders | C93: West | D93: =MID(E93, 4, 3) -> Sep | E93: 19-Sep-25 | F93: 21-Sep-25 | G93: 21-Oct-25 | H93: 31-Oct-25 | I93: 25000 | J93: 25000 | K93: Paid Late | L93: =F93-E93 -> 2 | M93: =IF(H93="",TODAY()-F93,H93-F93) -> 40 | N93: =I93-J93 -> 0 | O93: =IF(M93<=30,"0-30 Days", IF(M93<=60,"31-60 Days", IF(M93<=90,"61-90 Days","90+ Days"))) -> 31-60 Days
A94: O0093 | B94: Ekbote Supermart | C94: West | D94: =MID(E94, 4, 3) -> Dec | E94: 06-Dec-25 | F94: 09-Dec-25 | G94: 08-Jan-26 | H94: 21-Dec-25 | I94: 75000 | J94: 75000 | K94: Paid | L94: =F94-E94 -> 3 | M94: =IF(H94="",TODAY()-F94,H94-F94) -> 12 | N94: =I94-J94 -> 0 | O94: =IF(M94<=30,"0-30 Days", IF(M94<=60,"31-60 Days", IF(M94<=90,"61-90 Days","90+ Days"))) -> 0-30 Days
A95: O0094 | B95: Dhole Kirana | C95: West | D95: =MID(E95, 4, 3) -> Jun | E95: 08-Jun-25 | F95: 09-Jun-25 | G95: 09-Jul-25 | H95: 15-Jun-25 | I95: 30000 | J95: 30000 | K95: Paid | L95: =F95-E95 -> 1 | M95: =IF(H95="",TODAY()-F95,H95-F95) -> 6 | N95: =I95-J95 -> 0 | O95: =IF(M95<=30,"0-30 Days", IF(M95<=60,"31-60 Days", IF(M95<=90,"61-90 Days","90+ Days"))) -> 0-30 Days
A96: O0095 | B96: Upadhyay Stores | C96: East | D96: =MID(E96, 4, 3) -> Sep | E96: 01-Sep-25 | F96: 04-Sep-25 | G96: 04-Oct-25 | H96: 29-Sep-25 | I96: 10000 | J96: 10000 | K96: Paid | L96: =F96-E96 -> 3 | M96: =IF(H96="",TODAY()-F96,H96-F96) -> 25 | N96: =I96-J96 -> 0 | O96: =IF(M96<=30,"0-30 Days", IF(M96<=60,"31-60 Days", IF(M96<=90,"61-90 Days","90+ Days"))) -> 0-30 Days
A97: O0096 | B97: Nimkar General Store | C97: West | D97: =MID(E97, 4, 3) -> Apr | E97: 10-Apr-25 | F97: 13-Apr-25 | G97: 13-May-25 | H97: 25-Apr-25 | I97: 12000 | J97: 12000 | K97: Paid | L97: =F97-E97 -> 3 | M97: =IF(H97="",TODAY()-F97,H97-F97) -> 12 | N97: =I97-J97 -> 0 | O97: =IF(M97<=30,"0-30 Days", IF(M97<=60,"31-60 Days", IF(M97<=90,"61-90 Days","90+ Days"))) -> 0-30 Days
A98: O0097 | B98: Hegde Provision Store | C98: South | D98: =MID(E98, 4, 3) -> Dec | E98: 02-Dec-25 | F98: 05-Dec-25 | G98: 04-Jan-26 | H98: 16-Dec-25 | I98: 5000 | J98: 2500 | K98: Partial | L98: =F98-E98 -> 3 | M98: =IF(H98="",TODAY()-F98,H98-F98) -> 11 | N98: =I98-J98 -> 2500 | O98: =IF(M98<=30,"0-30 Days", IF(M98<=60,"31-60 Days", IF(M98<=90,"61-90 Days","90+ Days"))) -> 0-30 Days
A99: O0098 | B99: Rastogi General Store | C99: North | D99: =MID(E99, 4, 3) -> Apr | E99: 01-Apr-25 | F99: 04-Apr-25 | G99: 04-May-25 | H99: 26-Apr-25 | I99: 45000 | J99: 45000 | K99: Paid | L99: =F99-E99 -> 3 | M99: =IF(H99="",TODAY()-F99,H99-F99) -> 22 | N99: =I99-J99 -> 0 | O99: =IF(M99<=30,"0-30 Days", IF(M99<=60,"31-60 Days", IF(M99<=90,"61-90 Days","90+ Days"))) -> 0-30 Days
A100: O0099 | B100: Upadhyay Stores | C100: East | D100: =MID(E100, 4, 3) -> Mar | E100: 04-Mar-25 | F100: 06-Mar-25 | G100: 05-Apr-25 | I100: 20000 | J100: 0 | K100: Overdue | L100: =F100-E100 -> 2 | M100: =IF(H100="",TODAY()-F100,H100-F100) -> 467 | N100: =I100-J100 -> 20000 | O100: =IF(M100<=30,"0-30 Days", IF(M100<=60,"31-60 Days", IF(M100<=90,"61-90 Days","90+ Days"))) -> 90+ Days
...

Sheet Dashboard
B1: Total Revenue | G1: Total Collections | L1: OutstandingAmount | Q1: Collection Efficiency | V1: DSO

Sheet KPI
B3: Total Revenue | C3: Total Collections | D3: Outstanding Amount | E3: Collection Efficiency % | F3: Fulfillment Rate % | G3: Average Collection Days | H3: Daily Sales Outstanding(DSO)
B4: =SUM(O2C_Data!I215:I1001) -> 27933000 | C4: =SUM(O2C_Data!J2:J1001) -> 24331750 | D4: =SUM(O2C_Data!N2:N1001) -> 11033250 | E4: =C4/B4 -> 0.87107543 | F4: =COUNTIF(O2C_Data!K2:K1001,"Paid")/COUNTA(O2C_Data!2:1001) -> 0.035241393 | G4: =AVERAGE(O2C_Data!M2:M1001) -> 109.957 | H4: =(D4/B4)*365 -> 144.17128
